Total irrandiation over the year in iit indore,,,,,,,,
,,,,,,,,
,GlobHor,DiffHor,T_Amb,GlobInc,GlobEff,EArray,E_Grid,PR
,kWh/m²,kWh/m²,°C,kWh/m²,kWh/m²,kWh,kWh,ratio
January,138.6,43.02,18.22,177.3,174.1,57365,56319,0.796
February,147.3,44.39,21.71,176.7,173.4,55527,54512,0.773
March,195.4,56,26.42,215.2,211.3,64750,63529,0.739
April,203.9,72.31,30.85,205.4,201.4,61658,60506,0.738
May,218,79.35,33.05,206.3,201.7,62063,60922,0.74
June,160.2,90.07,29.74,148.6,144.7,47703,46790,0.789
July,105.6,77.22,26.12,99.5,96.6,33537,32783,0.825
August,99.7,72.26,24.84,96.9,94.2,32576,31825,0.823
September,133.9,73.05,25.64,138.1,134.9,44764,43864,0.796
October,159.8,59.49,25.89,182.7,179.3,57158,56085,0.769
November,133.8,46.26,22.8,165.9,162.8,52796,51810,0.783
December,128.8,38.22,19.5,168,165,54214,53209,0.794
Year,1825.1,751.64,25.41,1980.5,1939.4,624112,612151,0.774
